{
  "best_model": "GradientBoosting",
  "params": {
    "learning_rate": 0.1,
    "max_depth": 5,
    "n_estimators": 100
  },
  "test_metrics": {
    "accuracy": 0.9191666666666667,
    "f1": 0.8685636856368564,
    "roc_auc": 0.9635850451983138
  }
}