{
  "Dummy": {
    "accuracy": 0.6766666666666666,
    "f1": 0.0
  },
  "LogisticRegression": {
    "accuracy": 0.8275,
    "f1": 0.7076271186440678,
    "roc_auc": 0.8746905312071505
  },
  "DecisionTree": {
    "accuracy": 0.8720833333333333,
    "f1": 0.7924273157538878,
    "roc_auc": 0.8950488167182977
  },
  "RandomForest": {
    "accuracy": 0.9116666666666666,
    "f1": 0.8519553072625698,
    "roc_auc": 0.9600459918236757
  },
  "GradientBoosting": {
    "accuracy": 0.9191666666666667,
    "f1": 0.8685636856368564,
    "roc_auc": 0.9635850451983138
  }
}