experiment_id,dataset,seed,model_summary,optimizer,lr,momentum,weight_decay,epochs_trained,best_val_accuracy,best_val_loss
E1,EMNIST,42,"256-128, ReLU",Adam,0.001,,0,15,0.8387623587570622,0.5087939368634574
E2,EMNIST,42,"256-128, ReLU, Dropout(0.3)",Adam,0.001,,0,15,0.825829802259887,0.5280218329806786
E3,EMNIST,42,"256-128, ReLU, BatchNorm",Adam,0.001,,0,15,0.8491348870056498,0.4634871418866734
E4,EMNIST,42,"256-128, ReLU, Dropout(0.3)",Adam,0.001,,0,24,0.8314795197740112,0.5040942868270443
O1,EMNIST,42,"256-128, ReLU, Dropout(0.3)",Adam,0.1,,0,8,0.02153954802259887,3.8614716327796548
O2,EMNIST,42,"256-128, ReLU, Dropout(0.3)",Adam,1e-05,,0,8,0.5489495056497176,1.828726373823349
O3,EMNIST,42,"256-128, ReLU, Dropout(0.3)",SGD,0.01,0.9,0.0001,12,0.8283015536723164,0.5219591137042827
